"","Date","HomeTeam","AwayTeam","FTHG","FTAG","FTR"
"temporada1.1",0017-08-18,"Leganes","Alaves",1,0,"H"
"temporada1.2",0017-08-18,"Valencia","Las Palmas",1,0,"H"
"temporada1.3",0017-08-19,"Celta","Sociedad",2,3,"A"
"temporada1.4",0017-08-19,"Girona","Ath Madrid",2,2,"D"
"temporada1.5",0017-08-19,"Sevilla","Espanol",1,1,"D"
"temporada1.6",0017-08-20,"Ath Bilbao","Getafe",0,0,"D"
"temporada1.7",0017-08-20,"Barcelona","Betis",2,0,"H"
"temporada1.8",0017-08-20,"La Coruna","Real Madrid",0,3,"A"
"temporada1.9",0017-08-21,"Levante","Villarreal",1,0,"H"
"temporada1.10",0017-08-21,"Malaga","Eibar",0,1,"A"
"temporada1.11",0017-08-25,"Betis","Celta",2,1,"H"
"temporada1.12",0017-08-25,"Sociedad","Villarreal",3,0,"H"
"temporada1.13",0017-08-26,"Alaves","Barcelona",0,2,"A"
"temporada1.14",0017-08-26,"Girona","Malaga",1,0,"H"
"temporada1.15",0017-08-26,"Las Palmas","Ath Madrid",1,5,"A"
"temporada1.16",0017-08-26,"Levante","La Coruna",2,2,"D"
"temporada1.17",0017-08-27,"Eibar","Ath Bilbao",0,1,"A"
"temporada1.18",0017-08-27,"Espanol","Leganes",0,1,"A"
"temporada1.19",0017-08-27,"Getafe","Sevilla",0,1,"A"
"temporada1.20",0017-08-27,"Real Madrid","Valencia",2,2,"D"
"temporada1.21",0017-09-08,"Leganes","Getafe",1,2,"A"
"temporada1.22",0017-09-09,"Barcelona","Espanol",5,0,"H"
"temporada1.23",0017-09-09,"Real Madrid","Levante",1,1,"D"
"temporada1.24",0017-09-09,"Sevilla","Eibar",3,0,"H"
"temporada1.25",0017-09-09,"Valencia","Ath Madrid",0,0,"D"
"temporada1.26",0017-09-10,"Ath Bilbao","Girona",2,0,"H"
"temporada1.27",0017-09-10,"Celta","Alaves",1,0,"H"
"temporada1.28",0017-09-10,"La Coruna","Sociedad",2,4,"A"
"temporada1.29",0017-09-10,"Villarreal","Betis",3,1,"H"
"temporada1.30",0017-09-11,"Malaga","Las Palmas",1,3,"A"
"temporada1.31",0017-09-15,"Eibar","Leganes",1,0,"H"
"temporada1.32",0017-09-16,"Ath Madrid","Malaga",1,0,"H"
"temporada1.33",0017-09-16,"Betis","La Coruna",2,1,"H"
"temporada1.34",0017-09-16,"Getafe","Barcelona",1,2,"A"
"temporada1.35",0017-09-16,"Levante","Valencia",1,1,"D"
"temporada1.36",0017-09-17,"Alaves","Villarreal",0,3,"A"
"temporada1.37",0017-09-17,"Girona","Sevilla",0,1,"A"
"temporada1.38",0017-09-17,"Las Palmas","Ath Bilbao",1,0,"H"
"temporada1.39",0017-09-17,"Sociedad","Real Madrid",1,3,"A"
"temporada1.40",0017-09-18,"Espanol","Celta",2,1,"H"
"temporada1.41",0017-09-19,"Barcelona","Eibar",6,1,"H"
"temporada1.42",0017-09-19,"Valencia","Malaga",5,0,"H"
"temporada1.43",0017-09-20,"Ath Bilbao","Ath Madrid",1,2,"A"
"temporada1.44",0017-09-20,"La Coruna","Alaves",1,0,"H"
"temporada1.45",0017-09-20,"Leganes","Girona",0,0,"D"
"temporada1.46",0017-09-20,"Real Madrid","Betis",0,1,"A"
"temporada1.47",0017-09-20,"Sevilla","Las Palmas",1,0,"H"
"temporada1.48",0017-09-21,"Celta","Getafe",1,1,"D"
"temporada1.49",0017-09-21,"Levante","Sociedad",3,0,"H"
"temporada1.50",0017-09-21,"Villarreal","Espanol",0,0,"D"
"temporada1.51",0017-09-23,"Alaves","Real Madrid",1,2,"A"
"temporada1.52",0017-09-23,"Ath Madrid","Sevilla",2,0,"H"
"temporada1.53",0017-09-23,"Girona","Barcelona",0,3,"A"
"temporada1.54",0017-09-23,"Malaga","Ath Bilbao",3,3,"D"
"temporada1.55",0017-09-24,"Eibar","Celta",0,4,"A"
"temporada1.56",0017-09-24,"Espanol","La Coruna",4,1,"H"
"temporada1.57",0017-09-24,"Getafe","Villarreal",4,0,"H"
"temporada1.58",0017-09-24,"Las Palmas","Leganes",0,2,"A"
"temporada1.59",0017-09-24,"Sociedad","Valencia",2,3,"A"
"temporada1.60",0017-09-25,"Betis","Levante",4,0,"H"
"temporada1.61",0017-09-29,"Celta","Girona",3,3,"D"
"temporada1.62",0017-09-30,"La Coruna","Getafe",2,1,"H"
"temporada1.63",0017-09-30,"Leganes","Ath Madrid",0,0,"D"
"temporada1.64",0017-09-30,"Levante","Alaves",0,2,"A"
"temporada1.65",0017-09-30,"Sevilla","Malaga",2,0,"H"
"temporada1.66",0017-10-01,"Barcelona","Las Palmas",3,0,"H"
"temporada1.67",0017-10-01,"Real Madrid","Espanol",2,0,"H"
"temporada1.68",0017-10-01,"Sociedad","Betis",4,4,"D"
"temporada1.69",0017-10-01,"Valencia","Ath Bilbao",3,2,"H"
"temporada1.70",0017-10-01,"Villarreal","Eibar",3,0,"H"
"temporada1.71",0017-10-13,"Espanol","Levante",0,0,"D"
"temporada1.72",0017-10-14,"Alaves","Sociedad",0,2,"A"
"temporada1.73",0017-10-14,"Ath Bilbao","Sevilla",1,0,"H"
"temporada1.74",0017-10-14,"Ath Madrid","Barcelona",1,1,"D"
"temporada1.75",0017-10-14,"Getafe","Real Madrid",1,2,"A"
"temporada1.76",0017-10-15,"Betis","Valencia",3,6,"A"
"temporada1.77",0017-10-15,"Eibar","La Coruna",0,0,"D"
"temporada1.78",0017-10-15,"Girona","Villarreal",1,2,"A"
"temporada1.79",0017-10-15,"Malaga","Leganes",0,2,"A"
"temporada1.80",0017-10-16,"Las Palmas","Celta",2,5,"A"
"temporada1.81",0017-10-21,"Barcelona","Malaga",2,0,"H"
"temporada1.82",0017-10-21,"Betis","Alaves",2,0,"H"
"temporada1.83",0017-10-21,"Levante","Getafe",1,1,"D"
"temporada1.84",0017-10-21,"Valencia","Sevilla",4,0,"H"
"temporada1.85",0017-10-22,"Celta","Ath Madrid",0,1,"A"
"temporada1.86",0017-10-22,"Leganes","Ath Bilbao",1,0,"H"
"temporada1.87",0017-10-22,"Real Madrid","Eibar",3,0,"H"
"temporada1.88",0017-10-22,"Villarreal","Las Palmas",4,0,"H"
"temporada1.89",0017-10-23,"La Coruna","Girona",1,2,"A"
"temporada1.90",0017-10-23,"Sociedad","Espanol",1,1,"D"
"temporada1.91",0017-10-28,"Alaves","Valencia",1,2,"A"
"temporada1.92",0017-10-28,"Ath Bilbao","Barcelona",0,2,"A"
"temporada1.93",0017-10-28,"Ath Madrid","Villarreal",1,1,"D"
"temporada1.94",0017-10-28,"Sevilla","Leganes",2,1,"H"
"temporada1.95",0017-10-29,"Eibar","Levante",2,2,"D"
"temporada1.96",0017-10-29,"Getafe","Sociedad",2,1,"H"
"temporada1.97",0017-10-29,"Girona","Real Madrid",2,1,"H"
"temporada1.98",0017-10-29,"Malaga","Celta",2,1,"H"
"temporada1.99",0017-10-30,"Espanol","Betis",1,0,"H"
"temporada1.100",0017-10-30,"Las Palmas","La Coruna",1,3,"A"
"temporada1.101",0017-11-03,"Betis","Getafe",2,2,"D"
"temporada1.102",0017-11-04,"Alaves","Espanol",1,0,"H"
"temporada1.103",0017-11-04,"Barcelona","Sevilla",2,1,"H"
"temporada1.104",0017-11-04,"La Coruna","Ath Madrid",0,1,"A"
"temporada1.105",0017-11-04,"Valencia","Leganes",3,0,"H"
"temporada1.106",0017-11-05,"Celta","Ath Bilbao",3,1,"H"
"temporada1.107",0017-11-05,"Levante","Girona",1,2,"A"
"temporada1.108",0017-11-05,"Real Madrid","Las Palmas",3,0,"H"
"temporada1.109",0017-11-05,"Sociedad","Eibar",3,1,"H"
"temporada1.110",0017-11-05,"Villarreal","Malaga",2,0,"H"
"temporada1.111",0017-11-17,"Girona","Sociedad",1,1,"D"
"temporada1.112",0017-11-18,"Ath Madrid","Real Madrid",0,0,"D"
"temporada1.113",0017-11-18,"Getafe","Alaves",4,1,"H"
"temporada1.114",0017-11-18,"Leganes","Barcelona",0,3,"A"
"temporada1.115",0017-11-18,"Sevilla","Celta",2,1,"H"
"temporada1.116",0017-11-19,"Ath Bilbao","Villarreal",1,1,"D"
"temporada1.117",0017-11-19,"Espanol","Valencia",0,2,"A"
"temporada1.118",0017-11-19,"Las Palmas","Levante",0,2,"A"
"temporada1.119",0017-11-19,"Malaga","La Coruna",3,2,"H"
"temporada1.120",0017-11-20,"Eibar","Betis",5,0,"H"
"temporada1.121",0017-11-24,"Celta","Leganes",1,0,"H"
"temporada1.122",0017-11-25,"Alaves","Eibar",1,2,"A"
"temporada1.123",0017-11-25,"Betis","Girona",2,2,"D"
"temporada1.124",0017-11-25,"Levante","Ath Madrid",0,5,"A"
"temporada1.125",0017-11-25,"Real Madrid","Malaga",3,2,"H"
"temporada1.126",0017-11-26,"La Coruna","Ath Bilbao",2,2,"D"
"temporada1.127",0017-11-26,"Sociedad","Las Palmas",2,2,"D"
"temporada1.128",0017-11-26,"Valencia","Barcelona",1,1,"D"
"temporada1.129",0017-11-26,"Villarreal","Sevilla",2,3,"A"
"temporada1.130",0017-11-27,"Espanol","Getafe",1,0,"H"
"temporada1.131",0017-12-01,"Malaga","Levante",0,0,"D"
"temporada1.132",0017-12-02,"Ath Bilbao","Real Madrid",0,0,"D"
"temporada1.133",0017-12-02,"Ath Madrid","Sociedad",2,1,"H"
"temporada1.134",0017-12-02,"Barcelona","Celta",2,2,"D"
"temporada1.135",0017-12-02,"Sevilla","La Coruna",2,0,"H"
"temporada1.136",0017-12-03,"Eibar","Espanol",3,1,"H"
"temporada1.137",0017-12-03,"Getafe","Valencia",1,0,"H"
"temporada1.138",0017-12-03,"Las Palmas","Betis",1,0,"H"
"temporada1.139",0017-12-03,"Leganes","Villarreal",3,1,"H"
"temporada1.140",0017-12-04,"Girona","Alaves",2,3,"A"
"temporada1.141",0017-12-08,"Alaves","Las Palmas",2,0,"H"
"temporada1.142",0017-12-09,"Getafe","Eibar",0,0,"D"
"temporada1.143",0017-12-09,"La Coruna","Leganes",1,0,"H"
"temporada1.144",0017-12-09,"Real Madrid","Sevilla",5,0,"H"
"temporada1.145",0017-12-09,"Valencia","Celta",2,1,"H"
"temporada1.146",0017-12-10,"Betis","Ath Madrid",0,1,"A"
"temporada1.147",0017-12-10,"Levante","Ath Bilbao",1,2,"A"
"temporada1.148",0017-12-10,"Sociedad","Malaga",0,2,"A"
"temporada1.149",0017-12-10,"Villarreal","Barcelona",0,2,"A"
"temporada1.150",0017-12-11,"Espanol","Girona",0,1,"A"
"temporada1.151",0017-12-15,"Sevilla","Levante",0,0,"D"
"temporada1.152",0017-12-16,"Ath Bilbao","Sociedad",0,0,"D"
"temporada1.153",0017-12-16,"Ath Madrid","Alaves",1,0,"H"
"temporada1.154",0017-12-16,"Eibar","Valencia",2,1,"H"
"temporada1.155",0017-12-17,"Barcelona","La Coruna",4,0,"H"
"temporada1.156",0017-12-17,"Celta","Villarreal",0,1,"A"
"temporada1.157",0017-12-17,"Girona","Getafe",1,0,"H"
"temporada1.158",0017-12-17,"Las Palmas","Espanol",2,2,"D"
"temporada1.159",0017-12-18,"Malaga","Betis",0,2,"A"
"temporada1.160",0017-12-19,"Levante","Leganes",0,0,"D"
"temporada1.161",0017-12-20,"Getafe","Las Palmas",2,0,"H"
"temporada1.162",0017-12-20,"Sociedad","Sevilla",3,1,"H"
"temporada1.163",0017-12-21,"Alaves","Malaga",1,0,"H"
"temporada1.164",0017-12-21,"Eibar","Girona",4,1,"H"
"temporada1.165",0017-12-22,"Betis","Ath Bilbao",0,2,"A"
"temporada1.166",0017-12-22,"Espanol","Ath Madrid",1,0,"H"
"temporada1.167",0017-12-23,"La Coruna","Celta",1,3,"A"
"temporada1.168",0017-12-23,"Real Madrid","Barcelona",0,3,"A"
"temporada1.169",0017-12-23,"Valencia","Villarreal",0,1,"A"
"temporada1.170",0018-01-06,"Ath Madrid","Getafe",2,0,"H"
"temporada1.171",0018-01-06,"Las Palmas","Eibar",1,2,"A"
"temporada1.172",0018-01-06,"Sevilla","Betis",3,5,"A"
"temporada1.173",0018-01-06,"Valencia","Girona",2,1,"H"
"temporada1.174",0018-01-07,"Ath Bilbao","Alaves",2,0,"H"
"temporada1.175",0018-01-07,"Barcelona","Levante",3,0,"H"
"temporada1.176",0018-01-07,"Celta","Real Madrid",2,2,"D"
"temporada1.177",0018-01-07,"Leganes","Sociedad",1,0,"H"
"temporada1.178",0018-01-07,"Villarreal","La Coruna",1,1,"D"
"temporada1.179",0018-01-08,"Malaga","Espanol",0,1,"A"
"temporada1.180",0018-01-12,"Getafe","Malaga",1,0,"H"
"temporada1.181",0018-01-13,"Eibar","Ath Madrid",0,1,"A"
"temporada1.182",0018-01-13,"Girona","Las Palmas",6,0,"H"
"temporada1.183",0018-01-13,"La Coruna","Valencia",1,2,"A"
"temporada1.184",0018-01-13,"Real Madrid","Villarreal",0,1,"A"
"temporada1.185",0018-01-14,"Alaves","Sevilla",1,0,"H"
"temporada1.186",0018-01-14,"Espanol","Ath Bilbao",1,1,"D"
"temporada1.187",0018-01-14,"Levante","Celta",0,1,"A"
"temporada1.188",0018-01-14,"Sociedad","Barcelona",2,4,"A"
"temporada1.189",0018-01-15,"Betis","Leganes",3,2,"H"
"temporada1.190",0018-01-19,"Getafe","Ath Bilbao",2,2,"D"
"temporada1.191",0018-01-20,"Ath Madrid","Girona",1,1,"D"
"temporada1.192",0018-01-20,"Espanol","Sevilla",0,3,"A"
"temporada1.193",0018-01-20,"Las Palmas","Valencia",2,1,"H"
"temporada1.194",0018-01-20,"Villarreal","Levante",2,1,"H"
"temporada1.195",0018-01-21,"Alaves","Leganes",2,2,"D"
"temporada1.196",0018-01-21,"Betis","Barcelona",0,5,"A"
"temporada1.197",0018-01-21,"Real Madrid","La Coruna",7,1,"H"
"temporada1.198",0018-01-21,"Sociedad","Celta",1,2,"A"
"temporada1.199",0018-01-22,"Eibar","Malaga",1,1,"D"
"temporada1.200",0018-01-26,"Ath Bilbao","Eibar",1,1,"D"
"temporada1.201",0018-01-27,"La Coruna","Levante",2,2,"D"
"temporada1.202",0018-01-27,"Malaga","Girona",0,0,"D"
"temporada1.203",0018-01-27,"Valencia","Real Madrid",1,4,"A"
"temporada1.204",0018-01-27,"Villarreal","Sociedad",4,2,"H"
"temporada1.205",0018-01-28,"Ath Madrid","Las Palmas",3,0,"H"
"temporada1.206",0018-01-28,"Barcelona","Alaves",2,1,"H"
"temporada1.207",0018-01-28,"Leganes","Espanol",3,2,"H"
"temporada1.208",0018-01-28,"Sevilla","Getafe",1,1,"D"
"temporada1.209",0018-01-29,"Celta","Betis",3,2,"H"
"temporada1.210",0018-02-02,"Sociedad","La Coruna",5,0,"H"
"temporada1.211",0018-02-03,"Alaves","Celta",2,1,"H"
"temporada1.212",0018-02-03,"Betis","Villarreal",2,1,"H"
"temporada1.213",0018-02-03,"Eibar","Sevilla",5,1,"H"
"temporada1.214",0018-02-03,"Levante","Real Madrid",2,2,"D"
"temporada1.215",0018-02-04,"Ath Madrid","Valencia",1,0,"H"
"temporada1.216",0018-02-04,"Espanol","Barcelona",1,1,"D"
"temporada1.217",0018-02-04,"Getafe","Leganes",0,0,"D"
"temporada1.218",0018-02-04,"Girona","Ath Bilbao",2,0,"H"
"temporada1.219",0018-02-05,"Las Palmas","Malaga",1,0,"H"
"temporada1.220",0018-02-09,"Ath Bilbao","Las Palmas",0,0,"D"
"temporada1.221",0018-02-10,"Leganes","Eibar",0,1,"A"
"temporada1.222",0018-02-10,"Malaga","Ath Madrid",0,1,"A"
"temporada1.223",0018-02-10,"Real Madrid","Sociedad",5,2,"H"
"temporada1.224",0018-02-10,"Villarreal","Alaves",1,2,"A"
"temporada1.225",0018-02-11,"Barcelona","Getafe",0,0,"D"
"temporada1.226",0018-02-11,"Celta","Espanol",2,2,"D"
"temporada1.227",0018-02-11,"Sevilla","Girona",1,0,"H"
"temporada1.228",0018-02-11,"Valencia","Levante",3,1,"H"
"temporada1.229",0018-02-12,"La Coruna","Betis",0,1,"A"
"temporada1.230",0018-02-16,"Girona","Leganes",3,0,"H"
"temporada1.231",0018-02-17,"Alaves","La Coruna",1,0,"H"
"temporada1.232",0018-02-17,"Eibar","Barcelona",0,2,"A"
"temporada1.233",0018-02-17,"Las Palmas","Sevilla",1,2,"A"
"temporada1.234",0018-02-17,"Malaga","Valencia",1,2,"A"
"temporada1.235",0018-02-18,"Ath Madrid","Ath Bilbao",2,0,"H"
"temporada1.236",0018-02-18,"Betis","Real Madrid",3,5,"A"
"temporada1.237",0018-02-18,"Espanol","Villarreal",1,1,"D"
"temporada1.238",0018-02-18,"Sociedad","Levante",3,0,"H"
"temporada1.239",0018-02-19,"Getafe","Celta",3,0,"H"
"temporada1.240",0018-02-21,"Leganes","Real Madrid",1,3,"A"
"temporada1.241",0018-02-23,"La Coruna","Espanol",0,0,"D"
"temporada1.242",0018-02-24,"Barcelona","Girona",6,1,"H"
"temporada1.243",0018-02-24,"Celta","Eibar",2,0,"H"
"temporada1.244",0018-02-24,"Leganes","Las Palmas",0,0,"D"
"temporada1.245",0018-02-24,"Real Madrid","Alaves",4,0,"H"
"temporada1.246",0018-02-25,"Ath Bilbao","Malaga",2,1,"H"
"temporada1.247",0018-02-25,"Sevilla","Ath Madrid",2,5,"A"
"temporada1.248",0018-02-25,"Valencia","Sociedad",2,1,"H"
"temporada1.249",0018-02-25,"Villarreal","Getafe",1,0,"H"
"temporada1.250",0018-02-26,"Levante","Betis",0,2,"A"
"temporada1.251",0018-02-27,"Espanol","Real Madrid",1,0,"H"
"temporada1.252",0018-02-27,"Girona","Celta",1,0,"H"
"temporada1.253",0018-02-28,"Ath Bilbao","Valencia",1,1,"D"
"temporada1.254",0018-02-28,"Ath Madrid","Leganes",4,0,"H"
"temporada1.255",0018-02-28,"Eibar","Villarreal",1,0,"H"
"temporada1.256",0018-02-28,"Getafe","La Coruna",3,0,"H"
"temporada1.257",0018-02-28,"Malaga","Sevilla",0,1,"A"
"temporada1.258",0018-03-01,"Alaves","Levante",1,0,"H"
"temporada1.259",0018-03-01,"Betis","Sociedad",0,0,"D"
"temporada1.260",0018-03-01,"Las Palmas","Barcelona",1,1,"D"
"temporada1.261",0018-03-03,"La Coruna","Eibar",1,1,"D"
"temporada1.262",0018-03-03,"Leganes","Malaga",2,0,"H"
"temporada1.263",0018-03-03,"Real Madrid","Getafe",3,1,"H"
"temporada1.264",0018-03-03,"Sevilla","Ath Bilbao",2,0,"H"
"temporada1.265",0018-03-03,"Villarreal","Girona",0,2,"A"
"temporada1.266",0018-03-04,"Barcelona","Ath Madrid",1,0,"H"
"temporada1.267",0018-03-04,"Levante","Espanol",1,1,"D"
"temporada1.268",0018-03-04,"Sociedad","Alaves",2,1,"H"
"temporada1.269",0018-03-04,"Valencia","Betis",2,0,"H"
"temporada1.270",0018-03-05,"Celta","Las Palmas",2,1,"H"
"temporada1.271",0018-03-09,"Girona","La Coruna",2,0,"H"
"temporada1.272",0018-03-10,"Eibar","Real Madrid",1,2,"A"
"temporada1.273",0018-03-10,"Getafe","Levante",0,1,"A"
"temporada1.274",0018-03-10,"Malaga","Barcelona",0,2,"A"
"temporada1.275",0018-03-10,"Sevilla","Valencia",0,2,"A"
"temporada1.276",0018-03-11,"Ath Bilbao","Leganes",2,0,"H"
"temporada1.277",0018-03-11,"Ath Madrid","Celta",3,0,"H"
"temporada1.278",0018-03-11,"Espanol","Sociedad",2,1,"H"
"temporada1.279",0018-03-11,"Las Palmas","Villarreal",0,2,"A"
"temporada1.280",0018-03-12,"Alaves","Betis",1,3,"A"
"temporada1.281",0018-03-16,"Levante","Eibar",2,1,"H"
"temporada1.282",0018-03-17,"Betis","Espanol",3,0,"H"
"temporada1.283",0018-03-17,"La Coruna","Las Palmas",1,1,"D"
"temporada1.284",0018-03-17,"Sociedad","Getafe",1,2,"A"
"temporada1.285",0018-03-17,"Valencia","Alaves",3,1,"H"
"temporada1.286",0018-03-18,"Barcelona","Ath Bilbao",2,0,"H"
"temporada1.287",0018-03-18,"Celta","Malaga",0,0,"D"
"temporada1.288",0018-03-18,"Leganes","Sevilla",2,1,"H"
"temporada1.289",0018-03-18,"Real Madrid","Girona",6,3,"H"
"temporada1.290",0018-03-18,"Villarreal","Ath Madrid",2,1,"H"
"temporada1.291",0018-03-31,"Ath Bilbao","Celta",1,1,"D"
"temporada1.292",0018-03-31,"Girona","Levante",1,1,"D"
"temporada1.293",0018-03-31,"Las Palmas","Real Madrid",0,3,"A"
"temporada1.294",0018-03-31,"Sevilla","Barcelona",2,2,"D"
"temporada1.295",0018-04-01,"Ath Madrid","La Coruna",1,0,"H"
"temporada1.296",0018-04-01,"Eibar","Sociedad",0,0,"D"
"temporada1.297",0018-04-01,"Espanol","Alaves",0,0,"D"
"temporada1.298",0018-04-01,"Leganes","Valencia",0,1,"A"
"temporada1.299",0018-04-01,"Malaga","Villarreal",1,0,"H"
"temporada1.300",0018-04-02,"Getafe","Betis",0,1,"A"
"temporada1.301",0018-04-06,"La Coruna","Malaga",3,2,"H"
"temporada1.302",0018-04-07,"Alaves","Getafe",2,0,"H"
"temporada1.303",0018-04-07,"Barcelona","Leganes",3,1,"H"
"temporada1.304",0018-04-07,"Betis","Eibar",2,0,"H"
"temporada1.305",0018-04-07,"Celta","Sevilla",4,0,"H"
"temporada1.306",0018-04-08,"Levante","Las Palmas",2,1,"H"
"temporada1.307",0018-04-08,"Real Madrid","Ath Madrid",1,1,"D"
"temporada1.308",0018-04-08,"Sociedad","Girona",5,0,"H"
"temporada1.309",0018-04-08,"Valencia","Espanol",1,0,"H"
"temporada1.310",0018-04-09,"Villarreal","Ath Bilbao",1,3,"A"
"temporada1.311",0018-04-13,"Girona","Betis",0,1,"A"
"temporada1.312",0018-04-14,"Ath Bilbao","La Coruna",2,3,"A"
"temporada1.313",0018-04-14,"Barcelona","Valencia",2,1,"H"
"temporada1.314",0018-04-14,"Las Palmas","Sociedad",0,1,"A"
"temporada1.315",0018-04-14,"Leganes","Celta",1,0,"H"
"temporada1.316",0018-04-14,"Sevilla","Villarreal",2,2,"D"
"temporada1.317",0018-04-15,"Ath Madrid","Levante",3,0,"H"
"temporada1.318",0018-04-15,"Eibar","Alaves",0,1,"A"
"temporada1.319",0018-04-15,"Getafe","Espanol",1,0,"H"
"temporada1.320",0018-04-15,"Malaga","Real Madrid",1,2,"A"
"temporada1.321",0018-04-17,"Celta","Barcelona",2,2,"D"
"temporada1.322",0018-04-17,"La Coruna","Sevilla",0,0,"D"
"temporada1.323",0018-04-17,"Villarreal","Leganes",2,1,"H"
"temporada1.324",0018-04-18,"Espanol","Eibar",0,1,"A"
"temporada1.325",0018-04-18,"Real Madrid","Ath Bilbao",1,1,"D"
"temporada1.326",0018-04-18,"Valencia","Getafe",1,2,"A"
"temporada1.327",0018-04-19,"Alaves","Girona",1,2,"A"
"temporada1.328",0018-04-19,"Betis","Las Palmas",1,0,"H"
"temporada1.329",0018-04-19,"Levante","Malaga",1,0,"H"
"temporada1.330",0018-04-19,"Sociedad","Ath Madrid",3,0,"H"
"temporada1.331",0018-04-20,"Leganes","La Coruna",0,0,"D"
"temporada1.332",0018-04-21,"Celta","Valencia",1,1,"D"
"temporada1.333",0018-04-21,"Eibar","Getafe",0,1,"A"
"temporada1.334",0018-04-22,"Ath Madrid","Betis",0,0,"D"
"temporada1.335",0018-04-22,"Girona","Espanol",0,2,"A"
"temporada1.336",0018-04-22,"Las Palmas","Alaves",0,4,"A"
"temporada1.337",0018-04-22,"Malaga","Sociedad",2,0,"H"
"temporada1.338",0018-04-23,"Ath Bilbao","Levante",1,3,"A"
"temporada1.339",0018-04-27,"Levante","Sevilla",2,1,"H"
"temporada1.340",0018-04-28,"Espanol","Las Palmas",1,1,"D"
"temporada1.341",0018-04-28,"Real Madrid","Leganes",2,1,"H"
"temporada1.342",0018-04-28,"Sociedad","Ath Bilbao",3,1,"H"
"temporada1.343",0018-04-28,"Villarreal","Celta",4,1,"H"
"temporada1.344",0018-04-29,"Alaves","Ath Madrid",0,1,"A"
"temporada1.345",0018-04-29,"Getafe","Girona",1,1,"D"
"temporada1.346",0018-04-29,"La Coruna","Barcelona",2,4,"A"
"temporada1.347",0018-04-29,"Valencia","Eibar",0,0,"D"
"temporada1.348",0018-04-30,"Betis","Malaga",2,1,"H"
"temporada1.349",0018-05-04,"Sevilla","Sociedad",1,0,"H"
"temporada1.350",0018-05-05,"Ath Bilbao","Betis",2,0,"H"
"temporada1.351",0018-05-05,"Celta","La Coruna",1,1,"D"
"temporada1.352",0018-05-05,"Girona","Eibar",1,4,"A"
"temporada1.353",0018-05-05,"Villarreal","Valencia",1,0,"H"
"temporada1.354",0018-05-06,"Ath Madrid","Espanol",0,2,"A"
"temporada1.355",0018-05-06,"Barcelona","Real Madrid",2,2,"D"
"temporada1.356",0018-05-06,"Las Palmas","Getafe",0,1,"A"
"temporada1.357",0018-05-06,"Malaga","Alaves",0,3,"A"
"temporada1.358",0018-05-07,"Leganes","Levante",0,3,"A"
"temporada1.359",0018-05-09,"Barcelona","Villarreal",5,1,"H"
"temporada1.360",0018-05-09,"Sevilla","Real Madrid",3,2,"H"
"temporada1.361",0018-05-12,"Alaves","Ath Bilbao",3,1,"H"
"temporada1.362",0018-05-12,"Betis","Sevilla",2,2,"D"
"temporada1.363",0018-05-12,"Eibar","Las Palmas",1,0,"H"
"temporada1.364",0018-05-12,"Getafe","Ath Madrid",0,1,"A"
"temporada1.365",0018-05-12,"Girona","Valencia",0,1,"A"
"temporada1.366",0018-05-12,"La Coruna","Villarreal",2,4,"A"
"temporada1.367",0018-05-12,"Real Madrid","Celta",6,0,"H"
"temporada1.368",0018-05-12,"Sociedad","Leganes",3,2,"H"
"temporada1.369",0018-05-13,"Espanol","Malaga",4,1,"H"
"temporada1.370",0018-05-13,"Levante","Barcelona",5,4,"H"
"temporada1.371",0018-05-19,"Celta","Levante",4,2,"H"
"temporada1.372",0018-05-19,"Las Palmas","Girona",1,2,"A"
"temporada1.373",0018-05-19,"Leganes","Betis",3,2,"H"
"temporada1.374",0018-05-19,"Malaga","Getafe",0,1,"A"
"temporada1.375",0018-05-19,"Sevilla","Alaves",1,0,"H"
"temporada1.376",0018-05-19,"Villarreal","Real Madrid",2,2,"D"
"temporada1.377",0018-05-20,"Ath Bilbao","Espanol",0,1,"A"
"temporada1.378",0018-05-20,"Ath Madrid","Eibar",2,2,"D"
"temporada1.379",0018-05-20,"Barcelona","Sociedad",1,0,"H"
"temporada1.380",0018-05-20,"Valencia","La Coruna",2,1,"H"
"temporada2.1",2018-08-17,"Betis","Levante",0,3,"A"
"temporada2.2",2018-08-17,"Girona","Valladolid",0,0,"D"
"temporada2.3",2018-08-18,"Barcelona","Alaves",3,0,"H"
"temporada2.4",2018-08-18,"Celta","Espanol",1,1,"D"
"temporada2.5",2018-08-18,"Villarreal","Sociedad",1,2,"A"
"temporada2.6",2018-08-19,"Eibar","Huesca",1,2,"A"
"temporada2.7",2018-08-19,"Real Madrid","Getafe",2,0,"H"
"temporada2.8",2018-08-19,"Vallecano","Sevilla",1,4,"A"
"temporada2.9",2018-08-20,"Ath Bilbao","Leganes",2,1,"H"
"temporada2.10",2018-08-20,"Valencia","Ath Madrid",1,1,"D"
"temporada2.11",2018-08-24,"Getafe","Eibar",2,0,"H"
"temporada2.12",2018-08-24,"Leganes","Sociedad",2,2,"D"
"temporada2.13",2018-08-25,"Alaves","Betis",0,0,"D"
"temporada2.14",2018-08-25,"Ath Madrid","Vallecano",1,0,"H"
"temporada2.15",2018-08-25,"Valladolid","Barcelona",0,1,"A"
"temporada2.16",2018-08-26,"Espanol","Valencia",2,0,"H"
"temporada2.17",2018-08-26,"Girona","Real Madrid",1,4,"A"
"temporada2.18",2018-08-26,"Sevilla","Villarreal",0,0,"D"
"temporada2.19",2018-08-27,"Ath Bilbao","Huesca",2,2,"D"
"temporada2.20",2018-08-27,"Levante","Celta",1,2,"A"
"temporada2.21",2018-08-31,"Eibar","Sociedad",2,1,"H"
"temporada2.22",2018-08-31,"Getafe","Valladolid",0,0,"D"
"temporada2.23",2018-08-31,"Villarreal","Girona",0,1,"A"
"temporada2.24",2018-09-01,"Celta","Ath Madrid",2,0,"H"
"temporada2.25",2018-09-01,"Real Madrid","Leganes",4,1,"H"
"temporada2.26",2018-09-02,"Alaves","Espanol",2,1,"H"
"temporada2.27",2018-09-02,"Barcelona","Huesca",8,2,"H"
"temporada2.28",2018-09-02,"Betis","Sevilla",1,0,"H"
"temporada2.29",2018-09-02,"Levante","Valencia",2,2,"D"
"temporada2.30",2018-09-14,"Huesca","Vallecano",0,1,"A"
"temporada2.31",2018-09-15,"Ath Bilbao","Real Madrid",1,1,"D"
"temporada2.32",2018-09-15,"Ath Madrid","Eibar",1,1,"D"
"temporada2.33",2018-09-15,"Sociedad","Barcelona",1,2,"A"
"temporada2.34",2018-09-15,"Valencia","Betis",0,0,"D"
"temporada2.35",2018-09-16,"Espanol","Levante",1,0,"H"
"temporada2.36",2018-09-16,"Leganes","Villarreal",0,1,"A"
"temporada2.37",2018-09-16,"Sevilla","Getafe",0,2,"A"
"temporada2.38",2018-09-16,"Valladolid","Alaves",0,1,"A"
"temporada2.39",2018-09-17,"Girona","Celta",3,2,"H"
"temporada2.40",2018-09-21,"Huesca","Sociedad",0,1,"A"
"temporada2.41",2018-09-22,"Celta","Valladolid",3,3,"D"
"temporada2.42",2018-09-22,"Eibar","Leganes",1,0,"H"
"temporada2.43",2018-09-22,"Getafe","Ath Madrid",0,2,"A"
"temporada2.44",2018-09-22,"Real Madrid","Espanol",1,0,"H"
"temporada2.45",2018-09-22,"Vallecano","Alaves",1,5,"A"
"temporada2.46",2018-09-23,"Barcelona","Girona",2,2,"D"
"temporada2.47",2018-09-23,"Betis","Ath Bilbao",2,2,"D"
"temporada2.48",2018-09-23,"Levante","Sevilla",2,6,"A"
"temporada2.49",2018-09-23,"Villarreal","Valencia",0,0,"D"
"temporada2.50",2018-09-25,"Ath Madrid","Huesca",3,0,"H"
"temporada2.51",2018-09-25,"Espanol","Eibar",1,0,"H"
"temporada2.52",2018-09-25,"Sociedad","Vallecano",2,2,"D"
"temporada2.53",2018-09-26,"Ath Bilbao","Villarreal",0,3,"A"
"temporada2.54",2018-09-26,"Leganes","Barcelona",2,1,"H"
"temporada2.55",2018-09-26,"Sevilla","Real Madrid",3,0,"H"
"temporada2.56",2018-09-26,"Valencia","Celta",1,1,"D"
"temporada2.57",2018-09-27,"Alaves","Getafe",1,1,"D"
"temporada2.58",2018-09-27,"Girona","Betis",0,1,"A"
"temporada2.59",2018-09-27,"Valladolid","Levante",2,1,"H"
"temporada2.60",2018-09-28,"Vallecano","Espanol",2,2,"D"
"temporada2.61",2018-09-29,"Barcelona","Ath Bilbao",1,1,"D"
"temporada2.62",2018-09-29,"Eibar","Sevilla",1,3,"A"
"temporada2.63",2018-09-29,"Real Madrid","Ath Madrid",0,0,"D"
"temporada2.64",2018-09-29,"Sociedad","Valencia",0,1,"A"
"temporada2.65",2018-09-30,"Betis","Leganes",1,0,"H"
"temporada2.66",2018-09-30,"Huesca","Girona",1,1,"D"
"temporada2.67",2018-09-30,"Levante","Alaves",2,1,"H"
"temporada2.68",2018-09-30,"Villarreal","Valladolid",0,1,"A"
"temporada2.69",2018-10-01,"Celta","Getafe",1,1,"D"
"temporada2.70",2018-10-05,"Ath Bilbao","Sociedad",1,3,"A"
"temporada2.71",2018-10-06,"Alaves","Real Madrid",1,0,"H"
"temporada2.72",2018-10-06,"Getafe","Levante",0,1,"A"
"temporada2.73",2018-10-06,"Girona","Eibar",2,3,"A"
"temporada2.74",2018-10-06,"Leganes","Vallecano",1,0,"H"
"temporada2.75",2018-10-07,"Ath Madrid","Betis",1,0,"H"
"temporada2.76",2018-10-07,"Espanol","Villarreal",3,1,"H"
"temporada2.77",2018-10-07,"Sevilla","Celta",2,1,"H"
"temporada2.78",2018-10-07,"Valencia","Barcelona",1,1,"D"
"temporada2.79",2018-10-07,"Valladolid","Huesca",1,0,"H"
"temporada2.80",2018-10-19,"Celta","Alaves",0,1,"A"
"temporada2.81",2018-10-20,"Barcelona","Sevilla",4,2,"H"
"temporada2.82",2018-10-20,"Real Madrid","Levante",1,2,"A"
"temporada2.83",2018-10-20,"Valencia","Leganes",1,1,"D"
"temporada2.84",2018-10-20,"Villarreal","Ath Madrid",1,1,"D"
"temporada2.85",2018-10-21,"Betis","Valladolid",0,1,"A"
"temporada2.86",2018-10-21,"Eibar","Ath Bilbao",1,1,"D"
"temporada2.87",2018-10-21,"Huesca","Espanol",0,2,"A"
"temporada2.88",2018-10-21,"Vallecano","Getafe",1,2,"A"
"temporada2.89",2018-10-22,"Sociedad","Girona",0,0,"D"
"temporada2.90",2018-10-24,"Vallecano","Ath Bilbao",1,1,"D"
"temporada2.91",2018-10-26,"Valladolid","Espanol",1,1,"D"
"temporada2.92",2018-10-27,"Ath Bilbao","Valencia",0,0,"D"
"temporada2.93",2018-10-27,"Ath Madrid","Sociedad",2,0,"H"
"temporada2.94",2018-10-27,"Celta","Eibar",4,0,"H"
"temporada2.95",2018-10-27,"Girona","Vallecano",2,1,"H"
"temporada2.96",2018-10-27,"Levante","Leganes",2,0,"H"
"temporada2.97",2018-10-28,"Alaves","Villarreal",2,1,"H"
"temporada2.98",2018-10-28,"Barcelona","Real Madrid",5,1,"H"
"temporada2.99",2018-10-28,"Getafe","Betis",2,0,"H"
"temporada2.100",2018-10-28,"Sevilla","Huesca",2,1,"H"
"temporada2.101",2018-11-03,"Leganes","Ath Madrid",1,1,"D"
"temporada2.102",2018-11-03,"Real Madrid","Valladolid",2,0,"H"
"temporada2.103",2018-11-03,"Valencia","Girona",0,1,"A"
"temporada2.104",2018-11-03,"Vallecano","Barcelona",2,3,"A"
"temporada2.105",2018-11-04,"Betis","Celta",3,3,"D"
"temporada2.106",2018-11-04,"Eibar","Alaves",2,1,"H"
"temporada2.107",2018-11-04,"Huesca","Getafe",1,1,"D"
"temporada2.108",2018-11-04,"Sociedad","Sevilla",0,0,"D"
"temporada2.109",2018-11-04,"Villarreal","Levante",1,1,"D"
"temporada2.110",2018-11-05,"Espanol","Ath Bilbao",1,0,"H"
"temporada2.111",2018-11-09,"Levante","Sociedad",1,3,"A"
"temporada2.112",2018-11-10,"Ath Madrid","Ath Bilbao",3,2,"H"
"temporada2.113",2018-11-10,"Getafe","Valencia",0,1,"A"
"temporada2.114",2018-11-10,"Girona","Leganes",0,0,"D"
"temporada2.115",2018-11-10,"Valladolid","Eibar",0,0,"D"
"temporada2.116",2018-11-11,"Alaves","Huesca",2,1,"H"
"temporada2.117",2018-11-11,"Barcelona","Betis",3,4,"A"
"temporada2.118",2018-11-11,"Celta","Real Madrid",2,4,"A"
"temporada2.119",2018-11-11,"Sevilla","Espanol",2,1,"H"
"temporada2.120",2018-11-11,"Vallecano","Villarreal",2,2,"D"
"temporada2.121",2018-11-23,"Leganes","Alaves",1,0,"H"
"temporada2.122",2018-11-24,"Ath Madrid","Barcelona",1,1,"D"
"temporada2.123",2018-11-24,"Eibar","Real Madrid",3,0,"H"
"temporada2.124",2018-11-24,"Huesca","Levante",2,2,"D"
"temporada2.125",2018-11-24,"Valencia","Vallecano",3,0,"H"
"temporada2.126",2018-11-25,"Ath Bilbao","Getafe",1,1,"D"
"temporada2.127",2018-11-25,"Espanol","Girona",1,3,"A"
"temporada2.128",2018-11-25,"Sevilla","Valladolid",1,0,"H"
"temporada2.129",2018-11-25,"Villarreal","Betis",2,1,"H"
"temporada2.130",2018-11-26,"Sociedad","Celta",2,1,"H"
"temporada2.131",2018-11-30,"Vallecano","Eibar",1,0,"H"
"temporada2.132",2018-12-01,"Celta","Huesca",2,0,"H"
"temporada2.133",2018-12-01,"Getafe","Espanol",3,0,"H"
"temporada2.134",2018-12-01,"Real Madrid","Valencia",2,0,"H"
"temporada2.135",2018-12-01,"Valladolid","Leganes",2,4,"A"
"temporada2.136",2018-12-02,"Alaves","Sevilla",1,1,"D"
"temporada2.137",2018-12-02,"Barcelona","Villarreal",2,0,"H"
"temporada2.138",2018-12-02,"Betis","Sociedad",1,0,"H"
"temporada2.139",2018-12-02,"Girona","Ath Madrid",1,1,"D"
"temporada2.140",2018-12-03,"Levante","Ath Bilbao",3,0,"H"
"temporada2.141",2018-12-07,"Leganes","Getafe",1,1,"D"
"temporada2.142",2018-12-08,"Ath Madrid","Alaves",3,0,"H"
"temporada2.143",2018-12-08,"Espanol","Barcelona",0,4,"A"
"temporada2.144",2018-12-08,"Valencia","Sevilla",1,1,"D"
"temporada2.145",2018-12-08,"Villarreal","Celta",2,3,"A"
"temporada2.146",2018-12-09,"Betis","Vallecano",2,0,"H"
"temporada2.147",2018-12-09,"Eibar","Levante",4,4,"D"
"temporada2.148",2018-12-09,"Huesca","Real Madrid",0,1,"A"
"temporada2.149",2018-12-09,"Sociedad","Valladolid",1,2,"A"
"temporada2.150",2018-12-10,"Ath Bilbao","Girona",1,0,"H"
"temporada2.151",2018-12-14,"Celta","Leganes",0,0,"D"
"temporada2.152",2018-12-15,"Eibar","Valencia",1,1,"D"
"temporada2.153",2018-12-15,"Getafe","Sociedad",1,0,"H"
"temporada2.154",2018-12-15,"Real Madrid","Vallecano",1,0,"H"
"temporada2.155",2018-12-15,"Valladolid","Ath Madrid",2,3,"A"
"temporada2.156",2018-12-16,"Espanol","Betis",1,3,"A"
"temporada2.157",2018-12-16,"Huesca","Villarreal",2,2,"D"
"temporada2.158",2018-12-16,"Levante","Barcelona",0,5,"A"
"temporada2.159",2018-12-16,"Sevilla","Girona",2,0,"H"
"temporada2.160",2018-12-17,"Alaves","Ath Bilbao",0,0,"D"
"temporada2.161",2018-12-21,"Girona","Getafe",1,1,"D"
"temporada2.162",2018-12-21,"Sociedad","Alaves",0,1,"A"
"temporada2.163",2018-12-22,"Ath Bilbao","Valladolid",1,1,"D"
"temporada2.164",2018-12-22,"Ath Madrid","Espanol",1,0,"H"
"temporada2.165",2018-12-22,"Barcelona","Celta",2,0,"H"
"temporada2.166",2018-12-22,"Betis","Eibar",1,1,"D"
"temporada2.167",2018-12-23,"Leganes","Sevilla",1,1,"D"
"temporada2.168",2018-12-23,"Valencia","Huesca",2,1,"H"
"temporada2.169",2018-12-23,"Vallecano","Levante",2,1,"H"
"temporada2.170",2019-01-03,"Villarreal","Real Madrid",2,2,"D"
"temporada2.171",2019-01-04,"Espanol","Leganes",1,0,"H"
"temporada2.172",2019-01-04,"Levante","Girona",2,2,"D"
"temporada2.173",2019-01-05,"Alaves","Valencia",2,1,"H"
"temporada2.174",2019-01-05,"Huesca","Betis",2,1,"H"
"temporada2.175",2019-01-05,"Valladolid","Vallecano",0,1,"A"
"temporada2.176",2019-01-06,"Eibar","Villarreal",0,0,"D"
"temporada2.177",2019-01-06,"Getafe","Barcelona",1,2,"A"
"temporada2.178",2019-01-06,"Real Madrid","Sociedad",0,2,"A"
"temporada2.179",2019-01-06,"Sevilla","Ath Madrid",1,1,"D"
"temporada2.180",2019-01-07,"Celta","Ath Bilbao",1,2,"A"
"temporada2.181",2019-01-11,"Vallecano","Celta",4,2,"H"
"temporada2.182",2019-01-12,"Girona","Alaves",1,1,"D"
"temporada2.183",2019-01-12,"Leganes","Huesca",1,0,"H"
"temporada2.184",2019-01-12,"Valencia","Valladolid",1,1,"D"
"temporada2.185",2019-01-12,"Villarreal","Getafe",1,2,"A"
"temporada2.186",2019-01-13,"Ath Bilbao","Sevilla",2,0,"H"
"temporada2.187",2019-01-13,"Ath Madrid","Levante",1,0,"H"
"temporada2.188",2019-01-13,"Barcelona","Eibar",3,0,"H"
"temporada2.189",2019-01-13,"Betis","Real Madrid",1,2,"A"
"temporada2.190",2019-01-14,"Sociedad","Espanol",3,2,"H"
"temporada2.191",2019-01-18,"Getafe","Alaves",4,0,"H"
"temporada2.192",2019-01-19,"Celta","Valencia",1,2,"A"
"temporada2.193",2019-01-19,"Huesca","Ath Madrid",0,3,"A"
"temporada2.194",2019-01-19,"Real Madrid","Sevilla",2,0,"H"
"temporada2.195",2019-01-20,"Barcelona","Leganes",3,1,"H"
"temporada2.196",2019-01-20,"Betis","Girona",3,2,"H"
"temporada2.197",2019-01-20,"Levante","Valladolid",2,0,"H"
"temporada2.198",2019-01-20,"Vallecano","Sociedad",2,2,"D"
"temporada2.199",2019-01-20,"Villarreal","Ath Bilbao",1,1,"D"
"temporada2.200",2019-01-21,"Eibar","Espanol",3,0,"H"
"temporada2.201",2019-01-26,"Ath Madrid","Getafe",2,0,"H"
"temporada2.202",2019-01-26,"Leganes","Eibar",2,2,"D"
"temporada2.203",2019-01-26,"Sevilla","Levante",5,0,"H"
"temporada2.204",2019-01-26,"Valencia","Villarreal",3,0,"H"
"temporada2.205",2019-01-27,"Ath Bilbao","Betis",1,0,"H"
"temporada2.206",2019-01-27,"Espanol","Real Madrid",2,4,"A"
"temporada2.207",2019-01-27,"Girona","Barcelona",0,2,"A"
"temporada2.208",2019-01-27,"Sociedad","Huesca",0,0,"D"
"temporada2.209",2019-01-27,"Valladolid","Celta",2,1,"H"
"temporada2.210",2019-01-28,"Alaves","Vallecano",0,1,"A"
"temporada2.211",2019-02-01,"Huesca","Valladolid",4,0,"H"
"temporada2.212",2019-02-02,"Barcelona","Valencia",2,2,"D"
"temporada2.213",2019-02-02,"Celta","Sevilla",1,0,"H"
"temporada2.214",2019-02-02,"Levante","Getafe",0,0,"D"
"temporada2.215",2019-02-02,"Sociedad","Ath Bilbao",2,1,"H"
"temporada2.216",2019-02-03,"Betis","Ath Madrid",1,0,"H"
"temporada2.217",2019-02-03,"Eibar","Girona",3,0,"H"
"temporada2.218",2019-02-03,"Real Madrid","Alaves",3,0,"H"
"temporada2.219",2019-02-03,"Villarreal","Espanol",2,2,"D"
"temporada2.220",2019-02-04,"Vallecano","Leganes",1,2,"A"
"temporada2.221",2019-02-08,"Valladolid","Villarreal",0,0,"D"
"temporada2.222",2019-02-09,"Ath Madrid","Real Madrid",1,3,"A"
"temporada2.223",2019-02-09,"Espanol","Vallecano",2,1,"H"
"temporada2.224",2019-02-09,"Getafe","Celta",3,1,"H"
"temporada2.225",2019-02-09,"Girona","Huesca",0,2,"A"
"temporada2.226",2019-02-10,"Ath Bilbao","Barcelona",0,0,"D"
"temporada2.227",2019-02-10,"Leganes","Betis",3,0,"H"
"temporada2.228",2019-02-10,"Sevilla","Eibar",2,2,"D"
"temporada2.229",2019-02-10,"Valencia","Sociedad",0,0,"D"
"temporada2.230",2019-02-11,"Alaves","Levante",2,0,"H"
"temporada2.231",2019-02-15,"Eibar","Getafe",2,2,"D"
"temporada2.232",2019-02-16,"Barcelona","Valladolid",1,0,"H"
"temporada2.233",2019-02-16,"Celta","Levante",1,4,"A"
"temporada2.234",2019-02-16,"Sociedad","Leganes",3,0,"H"
"temporada2.235",2019-02-16,"Vallecano","Ath Madrid",0,1,"A"
"temporada2.236",2019-02-17,"Betis","Alaves",1,1,"D"
"temporada2.237",2019-02-17,"Real Madrid","Girona",1,2,"A"
"temporada2.238",2019-02-17,"Valencia","Espanol",0,0,"D"
"temporada2.239",2019-02-17,"Villarreal","Sevilla",3,0,"H"
"temporada2.240",2019-02-18,"Huesca","Ath Bilbao",0,1,"A"
"temporada2.241",2019-02-22,"Espanol","Huesca",1,1,"D"
"temporada2.242",2019-02-23,"Alaves","Celta",0,0,"D"
"temporada2.243",2019-02-23,"Ath Bilbao","Eibar",1,0,"H"
"temporada2.244",2019-02-23,"Getafe","Vallecano",2,1,"H"
"temporada2.245",2019-02-23,"Sevilla","Barcelona",2,4,"A"
"temporada2.246",2019-02-24,"Ath Madrid","Villarreal",2,0,"H"
"temporada2.247",2019-02-24,"Leganes","Valencia",1,1,"D"
"temporada2.248",2019-02-24,"Levante","Real Madrid",1,2,"A"
"temporada2.249",2019-02-24,"Valladolid","Betis",0,2,"A"
"temporada2.250",2019-02-25,"Girona","Sociedad",0,0,"D"
"temporada2.251",2019-03-01,"Vallecano","Girona",0,2,"A"
"temporada2.252",2019-03-02,"Espanol","Valladolid",3,1,"H"
"temporada2.253",2019-03-02,"Huesca","Sevilla",2,1,"H"
"temporada2.254",2019-03-02,"Real Madrid","Barcelona",0,1,"A"
"temporada2.255",2019-03-02,"Villarreal","Alaves",1,2,"A"
"temporada2.256",2019-03-03,"Betis","Getafe",1,2,"A"
"temporada2.257",2019-03-03,"Eibar","Celta",1,0,"H"
"temporada2.258",2019-03-03,"Sociedad","Ath Madrid",0,2,"A"
"temporada2.259",2019-03-03,"Valencia","Ath Bilbao",2,0,"H"
"temporada2.260",2019-03-04,"Leganes","Levante",1,0,"H"
"temporada2.261",2019-03-08,"Ath Bilbao","Espanol",1,1,"D"
"temporada2.262",2019-03-09,"Alaves","Eibar",1,1,"D"
"temporada2.263",2019-03-09,"Ath Madrid","Leganes",1,0,"H"
"temporada2.264",2019-03-09,"Barcelona","Vallecano",3,1,"H"
"temporada2.265",2019-03-09,"Getafe","Huesca",2,1,"H"
"temporada2.266",2019-03-10,"Celta","Betis",0,1,"A"
"temporada2.267",2019-03-10,"Girona","Valencia",2,3,"A"
"temporada2.268",2019-03-10,"Levante","Villarreal",0,2,"A"
"temporada2.269",2019-03-10,"Sevilla","Sociedad",5,2,"H"
"temporada2.270",2019-03-10,"Valladolid","Real Madrid",1,4,"A"
"temporada2.271",2019-03-15,"Sociedad","Levante",1,1,"D"
"temporada2.272",2019-03-16,"Ath Bilbao","Ath Madrid",2,0,"H"
"temporada2.273",2019-03-16,"Huesca","Alaves",1,3,"A"
"temporada2.274",2019-03-16,"Leganes","Girona",0,2,"A"
"temporada2.275",2019-03-16,"Real Madrid","Celta",2,0,"H"
"temporada2.276",2019-03-17,"Betis","Barcelona",1,4,"A"
"temporada2.277",2019-03-17,"Eibar","Valladolid",1,2,"A"
"temporada2.278",2019-03-17,"Espanol","Sevilla",0,1,"A"
"temporada2.279",2019-03-17,"Valencia","Getafe",0,0,"D"
"temporada2.280",2019-03-17,"Villarreal","Vallecano",3,1,"H"
"temporada2.281",2019-03-29,"Girona","Ath Bilbao",1,2,"A"
"temporada2.282",2019-03-30,"Alaves","Ath Madrid",0,4,"A"
"temporada2.283",2019-03-30,"Barcelona","Espanol",2,0,"H"
"temporada2.284",2019-03-30,"Celta","Villarreal",3,2,"H"
"temporada2.285",2019-03-30,"Getafe","Leganes",0,2,"A"
"temporada2.286",2019-03-31,"Levante","Eibar",2,2,"D"
"temporada2.287",2019-03-31,"Real Madrid","Huesca",3,2,"H"
"temporada2.288",2019-03-31,"Sevilla","Valencia",0,1,"A"
"temporada2.289",2019-03-31,"Valladolid","Sociedad",1,1,"D"
"temporada2.290",2019-03-31,"Vallecano","Betis",1,1,"D"
"temporada2.291",2019-04-02,"Ath Madrid","Girona",2,0,"H"
"temporada2.292",2019-04-02,"Espanol","Getafe",1,1,"D"
"temporada2.293",2019-04-02,"Villarreal","Barcelona",4,4,"D"
"temporada2.294",2019-04-03,"Ath Bilbao","Levante",3,2,"H"
"temporada2.295",2019-04-03,"Eibar","Vallecano",2,1,"H"
"temporada2.296",2019-04-03,"Huesca","Celta",3,3,"D"
"temporada2.297",2019-04-03,"Valencia","Real Madrid",2,1,"H"
"temporada2.298",2019-04-04,"Leganes","Valladolid",1,0,"H"
"temporada2.299",2019-04-04,"Sevilla","Alaves",2,0,"H"
"temporada2.300",2019-04-04,"Sociedad","Betis",2,1,"H"
"temporada2.301",2019-04-06,"Barcelona","Ath Madrid",2,0,"H"
"temporada2.302",2019-04-06,"Girona","Espanol",1,2,"A"
"temporada2.303",2019-04-06,"Real Madrid","Eibar",2,1,"H"
"temporada2.304",2019-04-06,"Vallecano","Valencia",2,0,"H"
"temporada2.305",2019-04-07,"Alaves","Leganes",1,1,"D"
"temporada2.306",2019-04-07,"Betis","Villarreal",2,1,"H"
"temporada2.307",2019-04-07,"Celta","Sociedad",3,1,"H"
"temporada2.308",2019-04-07,"Getafe","Ath Bilbao",1,0,"H"
"temporada2.309",2019-04-07,"Levante","Huesca",2,2,"D"
"temporada2.310",2019-04-07,"Valladolid","Sevilla",0,2,"A"
"temporada2.311",2019-04-13,"Ath Madrid","Celta",2,0,"H"
"temporada2.312",2019-04-13,"Espanol","Alaves",2,1,"H"
"temporada2.313",2019-04-13,"Huesca","Barcelona",0,0,"D"
"temporada2.314",2019-04-13,"Sevilla","Betis",3,2,"H"
"temporada2.315",2019-04-14,"Ath Bilbao","Vallecano",3,2,"H"
"temporada2.316",2019-04-14,"Girona","Villarreal",0,1,"A"
"temporada2.317",2019-04-14,"Sociedad","Eibar",1,1,"D"
"temporada2.318",2019-04-14,"Valencia","Levante",3,1,"H"
"temporada2.319",2019-04-14,"Valladolid","Getafe",2,2,"D"
"temporada2.320",2019-04-15,"Leganes","Real Madrid",1,1,"D"
"temporada2.321",2019-04-19,"Alaves","Valladolid",2,2,"D"
"temporada2.322",2019-04-20,"Barcelona","Sociedad",2,1,"H"
"temporada2.323",2019-04-20,"Celta","Girona",2,1,"H"
"temporada2.324",2019-04-20,"Eibar","Ath Madrid",0,1,"A"
"temporada2.325",2019-04-20,"Vallecano","Huesca",0,0,"D"
"temporada2.326",2019-04-21,"Betis","Valencia",1,2,"A"
"temporada2.327",2019-04-21,"Getafe","Sevilla",3,0,"H"
"temporada2.328",2019-04-21,"Levante","Espanol",2,2,"D"
"temporada2.329",2019-04-21,"Real Madrid","Ath Bilbao",3,0,"H"
"temporada2.330",2019-04-21,"Villarreal","Leganes",2,1,"H"
"temporada2.331",2019-04-23,"Alaves","Barcelona",0,2,"A"
"temporada2.332",2019-04-23,"Huesca","Eibar",2,0,"H"
"temporada2.333",2019-04-23,"Valladolid","Girona",1,0,"H"
"temporada2.334",2019-04-24,"Ath Madrid","Valencia",3,2,"H"
"temporada2.335",2019-04-24,"Espanol","Celta",1,1,"D"
"temporada2.336",2019-04-24,"Leganes","Ath Bilbao",0,1,"A"
"temporada2.337",2019-04-24,"Levante","Betis",4,0,"H"
"temporada2.338",2019-04-25,"Getafe","Real Madrid",0,0,"D"
"temporada2.339",2019-04-25,"Sevilla","Vallecano",5,0,"H"
"temporada2.340",2019-04-25,"Sociedad","Villarreal",0,1,"A"
"temporada2.341",2019-04-27,"Ath Bilbao","Alaves",1,1,"D"
"temporada2.342",2019-04-27,"Ath Madrid","Valladolid",1,0,"H"
"temporada2.343",2019-04-27,"Barcelona","Levante",1,0,"H"
"temporada2.344",2019-04-27,"Leganes","Celta",0,0,"D"
"temporada2.345",2019-04-28,"Girona","Sevilla",1,0,"H"
"temporada2.346",2019-04-28,"Sociedad","Getafe",2,1,"H"
"temporada2.347",2019-04-28,"Valencia","Eibar",0,1,"A"
"temporada2.348",2019-04-28,"Vallecano","Real Madrid",1,0,"H"
"temporada2.349",2019-04-28,"Villarreal","Huesca",1,1,"D"
"temporada2.350",2019-04-29,"Betis","Espanol",1,1,"D"
"temporada2.351",2019-05-03,"Sevilla","Leganes",0,3,"A"
"temporada2.352",2019-05-04,"Alaves","Sociedad",0,1,"A"
"temporada2.353",2019-05-04,"Celta","Barcelona",2,0,"H"
"temporada2.354",2019-05-04,"Espanol","Ath Madrid",3,0,"H"
"temporada2.355",2019-05-04,"Levante","Vallecano",4,1,"H"
"temporada2.356",2019-05-05,"Eibar","Betis",1,0,"H"
"temporada2.357",2019-05-05,"Getafe","Girona",2,0,"H"
"temporada2.358",2019-05-05,"Huesca","Valencia",2,6,"A"
"temporada2.359",2019-05-05,"Real Madrid","Villarreal",3,2,"H"
"temporada2.360",2019-05-05,"Valladolid","Ath Bilbao",1,0,"H"
"temporada2.361",2019-05-12,"Ath Bilbao","Celta",3,1,"H"
"temporada2.362",2019-05-12,"Ath Madrid","Sevilla",1,1,"D"
"temporada2.363",2019-05-12,"Barcelona","Getafe",2,0,"H"
"temporada2.364",2019-05-12,"Betis","Huesca",2,1,"H"
"temporada2.365",2019-05-12,"Girona","Levante",1,2,"A"
"temporada2.366",2019-05-12,"Leganes","Espanol",0,2,"A"
"temporada2.367",2019-05-12,"Sociedad","Real Madrid",3,1,"H"
"temporada2.368",2019-05-12,"Valencia","Alaves",3,1,"H"
"temporada2.369",2019-05-12,"Vallecano","Valladolid",1,2,"A"
"temporada2.370",2019-05-12,"Villarreal","Eibar",1,0,"H"
"temporada2.371",2019-05-18,"Alaves","Girona",2,1,"H"
"temporada2.372",2019-05-18,"Celta","Vallecano",2,2,"D"
"temporada2.373",2019-05-18,"Espanol","Sociedad",2,0,"H"
"temporada2.374",2019-05-18,"Getafe","Villarreal",2,2,"D"
"temporada2.375",2019-05-18,"Huesca","Leganes",2,1,"H"
"temporada2.376",2019-05-18,"Levante","Ath Madrid",2,2,"D"
"temporada2.377",2019-05-18,"Sevilla","Ath Bilbao",2,0,"H"
"temporada2.378",2019-05-18,"Valladolid","Valencia",0,2,"A"
"temporada2.379",2019-05-19,"Eibar","Barcelona",2,2,"D"
"temporada2.380",2019-05-19,"Real Madrid","Betis",0,2,"A"
"temporada3.1",2019-08-16,"Ath Bilbao","Barcelona",1,0,"H"
"temporada3.2",2019-08-17,"Celta","Real Madrid",1,3,"A"
"temporada3.3",2019-08-17,"Valencia","Sociedad",1,1,"D"
"temporada3.4",2019-08-17,"Mallorca","Eibar",2,1,"H"
"temporada3.5",2019-08-17,"Leganes","Osasuna",0,1,"A"
"temporada3.6",2019-08-17,"Villarreal","Granada",4,4,"D"
"temporada3.7",2019-08-18,"Alaves","Levante",1,0,"H"
"temporada3.8",2019-08-18,"Espanol","Sevilla",0,2,"A"
"temporada3.9",2019-08-18,"Betis","Valladolid",1,2,"A"
"temporada3.10",2019-08-18,"Ath Madrid","Getafe",1,0,"H"
"temporada3.11",2019-08-23,"Granada","Sevilla",0,1,"A"
"temporada3.12",2019-08-23,"Levante","Villarreal",2,1,"H"
"temporada3.13",2019-08-24,"Osasuna","Eibar",0,0,"D"
"temporada3.14",2019-08-24,"Real Madrid","Valladolid",1,1,"D"
"temporada3.15",2019-08-24,"Celta","Valencia",1,0,"H"
"temporada3.16",2019-08-24,"Getafe","Ath Bilbao",1,1,"D"
"temporada3.17",2019-08-25,"Alaves","Espanol",0,0,"D"
"temporada3.18",2019-08-25,"Mallorca","Sociedad",0,1,"A"
"temporada3.19",2019-08-25,"Leganes","Ath Madrid",0,1,"A"
"temporada3.20",2019-08-25,"Barcelona","Betis",5,2,"H"
"temporada3.21",2019-08-30,"Sevilla","Celta",1,1,"D"
"temporada3.22",2019-08-30,"Ath Bilbao","Sociedad",2,0,"H"
"temporada3.23",2019-08-31,"Osasuna","Barcelona",2,2,"D"
"temporada3.24",2019-08-31,"Getafe","Alaves",1,1,"D"
"temporada3.25",2019-08-31,"Levante","Valladolid",2,0,"H"
"temporada3.26",2019-08-31,"Betis","Leganes",2,1,"H"
"temporada3.27",2019-09-01,"Valencia","Mallorca",2,0,"H"
"temporada3.28",2019-09-01,"Ath Madrid","Eibar",3,2,"H"
"temporada3.29",2019-09-01,"Espanol","Granada",0,3,"A"
"temporada3.30",2019-09-01,"Villarreal","Real Madrid",2,2,"D"
"temporada3.31",2019-09-13,"Mallorca","Ath Bilbao",0,0,"D"
"temporada3.32",2019-09-14,"Real Madrid","Levante",3,2,"H"
"temporada3.33",2019-09-14,"Leganes","Villarreal",0,3,"A"
"temporada3.34",2019-09-14,"Sociedad","Ath Madrid",2,0,"H"
"temporada3.35",2019-09-14,"Barcelona","Valencia",5,2,"H"
"temporada3.36",2019-09-15,"Eibar","Espanol",1,2,"A"
"temporada3.37",2019-09-15,"Alaves","Sevilla",0,1,"A"
"temporada3.38",2019-09-15,"Celta","Granada",0,2,"A"
"temporada3.39",2019-09-15,"Valladolid","Osasuna",1,1,"D"
"temporada3.40",2019-09-15,"Betis","Getafe",1,1,"D"
"temporada3.41",2019-09-20,"Osasuna","Betis",0,0,"D"
"temporada3.42",2019-09-21,"Villarreal","Valladolid",2,0,"H"
"temporada3.43",2019-09-21,"Levante","Eibar",0,0,"D"
"temporada3.44",2019-09-21,"Ath Madrid","Celta",0,0,"D"
"temporada3.45",2019-09-21,"Granada","Barcelona",2,0,"H"
"temporada3.46",2019-09-22,"Getafe","Mallorca",4,2,"H"
"temporada3.47",2019-09-22,"Espanol","Sociedad",1,3,"A"
"temporada3.48",2019-09-22,"Valencia","Leganes",1,1,"D"
"temporada3.49",2019-09-22,"Ath Bilbao","Alaves",2,0,"H"
"temporada3.50",2019-09-22,"Sevilla","Real Madrid",0,1,"A"
"temporada3.51",2019-09-24,"Valladolid","Granada",1,1,"D"
"temporada3.52",2019-09-24,"Betis","Levante",3,1,"H"
"temporada3.53",2019-09-24,"Barcelona","Villarreal",2,1,"H"
"temporada3.54",2019-09-25,"Leganes","Ath Bilbao",1,1,"D"
"temporada3.55",2019-09-25,"Mallorca","Ath Madrid",0,2,"A"
"temporada3.56",2019-09-25,"Valencia","Getafe",3,3,"D"
"temporada3.57",2019-09-25,"Real Madrid","Osasuna",2,0,"H"
"temporada3.58",2019-09-26,"Eibar","Sevilla",3,2,"H"
"temporada3.59",2019-09-26,"Celta","Espanol",1,1,"D"
"temporada3.60",2019-09-26,"Sociedad","Alaves",3,0,"H"
"temporada3.61",2019-09-27,"Villarreal","Betis",5,1,"H"
"temporada3.62",2019-09-28,"Ath Bilbao","Valencia",0,1,"A"
"temporada3.63",2019-09-28,"Getafe","Barcelona",0,2,"A"
"temporada3.64",2019-09-28,"Granada","Leganes",1,0,"H"
"temporada3.65",2019-09-28,"Ath Madrid","Real Madrid",0,0,"D"
"temporada3.66",2019-09-29,"Espanol","Valladolid",0,2,"A"
"temporada3.67",2019-09-29,"Eibar","Celta",2,0,"H"
"temporada3.68",2019-09-29,"Alaves","Mallorca",2,0,"H"
"temporada3.69",2019-09-29,"Levante","Osasuna",1,1,"D"
"temporada3.70",2019-09-29,"Sevilla","Sociedad",3,2,"H"
"temporada3.71",2019-10-04,"Betis","Eibar",1,1,"D"
"temporada3.72",2019-10-05,"Leganes","Levante",1,2,"A"
"temporada3.73",2019-10-05,"Real Madrid","Granada",4,2,"H"
"temporada3.74",2019-10-05,"Valencia","Alaves",2,1,"H"
"temporada3.75",2019-10-05,"Osasuna","Villarreal",2,1,"H"
"temporada3.76",2019-10-06,"Mallorca","Espanol",2,0,"H"
"temporada3.77",2019-10-06,"Celta","Ath Bilbao",1,0,"H"
"temporada3.78",2019-10-06,"Valladolid","Ath Madrid",0,0,"D"
"temporada3.79",2019-10-06,"Sociedad","Getafe",1,2,"A"
"temporada3.80",2019-10-06,"Barcelona","Sevilla",4,0,"H"
"temporada3.81",2019-10-18,"Granada","Osasuna",1,0,"H"
"temporada3.82",2019-10-19,"Eibar","Barcelona",0,3,"A"
"temporada3.83",2019-10-19,"Ath Madrid","Valencia",1,1,"D"
"temporada3.84",2019-10-19,"Getafe","Leganes",2,0,"H"
"temporada3.85",2019-10-19,"Mallorca","Real Madrid",1,0,"H"
"temporada3.86",2019-10-20,"Alaves","Celta",2,0,"H"
"temporada3.87",2019-10-20,"Sociedad","Betis",3,1,"H"
"temporada3.88",2019-10-20,"Espanol","Villarreal",0,1,"A"
"temporada3.89",2019-10-20,"Ath Bilbao","Valladolid",1,1,"D"
"temporada3.90",2019-10-20,"Sevilla","Levante",1,0,"H"
"temporada3.91",2019-10-25,"Villarreal","Alaves",4,1,"H"
"temporada3.92",2019-10-26,"Leganes","Mallorca",1,0,"H"
"temporada3.93",2019-10-26,"Valladolid","Eibar",2,0,"H"
"temporada3.94",2019-10-26,"Ath Madrid","Ath Bilbao",2,0,"H"
"temporada3.95",2019-10-27,"Celta","Sociedad",0,1,"A"
"temporada3.96",2019-10-27,"Granada","Betis",1,0,"H"
"temporada3.97",2019-10-27,"Levante","Espanol",0,1,"A"
"temporada3.98",2019-10-27,"Sevilla","Getafe",2,0,"H"
"temporada3.99",2019-10-27,"Osasuna","Valencia",3,1,"H"
"temporada3.100",2019-10-29,"Alaves","Ath Madrid",1,1,"D"
"temporada3.101",2019-10-29,"Barcelona","Valladolid",5,1,"H"
"temporada3.102",2019-10-30,"Sociedad","Levante",1,2,"A"
"temporada3.103",2019-10-30,"Valencia","Sevilla",1,1,"D"
"temporada3.104",2019-10-30,"Ath Bilbao","Espanol",3,0,"H"
"temporada3.105",2019-10-30,"Betis","Celta",2,1,"H"
"temporada3.106",2019-10-30,"Real Madrid","Leganes",5,0,"H"
"temporada3.107",2019-10-31,"Eibar","Villarreal",2,1,"H"
"temporada3.108",2019-10-31,"Mallorca","Osasuna",2,2,"D"
"temporada3.109",2019-10-31,"Getafe","Granada",3,1,"H"
"temporada3.110",2019-11-02,"Espanol","Valencia",1,2,"A"
"temporada3.111",2019-11-02,"Levante","Barcelona",3,1,"H"
"temporada3.112",2019-11-02,"Sevilla","Ath Madrid",1,1,"D"
"temporada3.113",2019-11-02,"Real Madrid","Betis",0,0,"D"
"temporada3.114",2019-11-03,"Valladolid","Mallorca",3,0,"H"
"temporada3.115",2019-11-03,"Villarreal","Ath Bilbao",0,0,"D"
"temporada3.116",2019-11-03,"Osasuna","Alaves",4,2,"H"
"temporada3.117",2019-11-03,"Celta","Getafe",0,1,"A"
"temporada3.118",2019-11-03,"Leganes","Eibar",1,2,"A"
"temporada3.119",2019-11-03,"Granada","Sociedad",1,2,"A"
"temporada3.120",2019-11-08,"Sociedad","Leganes",1,1,"D"
"temporada3.121",2019-11-09,"Alaves","Valladolid",3,0,"H"
"temporada3.122",2019-11-09,"Valencia","Granada",2,0,"H"
"temporada3.123",2019-11-09,"Eibar","Real Madrid",0,4,"A"
"temporada3.124",2019-11-09,"Barcelona","Celta",4,1,"H"
"temporada3.125",2019-11-10,"Mallorca","Villarreal",3,1,"H"
"temporada3.126",2019-11-10,"Ath Bilbao","Levante",2,1,"H"
"temporada3.127",2019-11-10,"Ath Madrid","Espanol",3,1,"H"
"temporada3.128",2019-11-10,"Getafe","Osasuna",0,0,"D"
"temporada3.129",2019-11-10,"Betis","Sevilla",1,2,"A"
"temporada3.130",2019-11-22,"Levante","Mallorca",2,1,"H"
"temporada3.131",2019-11-23,"Leganes","Barcelona",1,2,"A"
"temporada3.132",2019-11-23,"Betis","Valencia",2,1,"H"
"temporada3.133",2019-11-23,"Granada","Ath Madrid",1,1,"D"
"temporada3.134",2019-11-23,"Real Madrid","Sociedad",3,1,"H"
"temporada3.135",2019-11-24,"Espanol","Getafe",1,1,"D"
"temporada3.136",2019-11-24,"Osasuna","Ath Bilbao",1,2,"A"
"temporada3.137",2019-11-24,"Eibar","Alaves",0,2,"A"
"temporada3.138",2019-11-24,"Villarreal","Celta",1,3,"A"
"temporada3.139",2019-11-24,"Valladolid","Sevilla",0,1,"A"
"temporada3.140",2019-11-29,"Celta","Valladolid",0,0,"D"
"temporada3.141",2019-11-30,"Alaves","Real Madrid",1,2,"A"
"temporada3.142",2019-11-30,"Sociedad","Eibar",4,1,"H"
"temporada3.143",2019-11-30,"Mallorca","Betis",1,2,"A"
"temporada3.144",2019-11-30,"Valencia","Villarreal",2,1,"H"
"temporada3.145",2019-12-01,"Sevilla","Leganes",1,0,"H"
"temporada3.146",2019-12-01,"Ath Bilbao","Granada",2,0,"H"
"temporada3.147",2019-12-01,"Espanol","Osasuna",2,4,"A"
"temporada3.148",2019-12-01,"Getafe","Levante",4,0,"H"
"temporada3.149",2019-12-01,"Ath Madrid","Barcelona",0,1,"A"
"temporada3.150",2019-12-06,"Villarreal","Ath Madrid",0,0,"D"
"temporada3.151",2019-12-07,"Real Madrid","Espanol",2,0,"H"
"temporada3.152",2019-12-07,"Granada","Alaves",3,0,"H"
"temporada3.153",2019-12-07,"Levante","Valencia",2,4,"A"
"temporada3.154",2019-12-07,"Barcelona","Mallorca",5,2,"H"
"temporada3.155",2019-12-08,"Eibar","Getafe",0,1,"A"
"temporada3.156",2019-12-08,"Betis","Ath Bilbao",3,2,"H"
"temporada3.157",2019-12-08,"Valladolid","Sociedad",0,0,"D"
"temporada3.158",2019-12-08,"Leganes","Celta",3,2,"H"
"temporada3.159",2019-12-08,"Osasuna","Sevilla",1,1,"D"
"temporada3.160",2019-12-13,"Alaves","Leganes",1,1,"D"
"temporada3.161",2019-12-14,"Granada","Levante",1,2,"A"
"temporada3.162",2019-12-14,"Sociedad","Barcelona",2,2,"D"
"temporada3.163",2019-12-14,"Ath Bilbao","Eibar",0,0,"D"
"temporada3.164",2019-12-14,"Ath Madrid","Osasuna",2,0,"H"
"temporada3.165",2019-12-15,"Getafe","Valladolid",2,0,"H"
"temporada3.166",2019-12-15,"Celta","Mallorca",2,2,"D"
"temporada3.167",2019-12-15,"Espanol","Betis",2,2,"D"
"temporada3.168",2019-12-15,"Sevilla","Villarreal",1,2,"A"
"temporada3.169",2019-12-15,"Valencia","Real Madrid",1,1,"D"
"temporada3.170",2019-12-18,"Barcelona","Real Madrid",0,0,"D"
"temporada3.171",2019-12-20,"Eibar","Granada",3,0,"H"
"temporada3.172",2019-12-21,"Mallorca","Sevilla",0,2,"A"
"temporada3.173",2019-12-21,"Barcelona","Alaves",4,1,"H"
"temporada3.174",2019-12-21,"Villarreal","Getafe",1,0,"H"
"temporada3.175",2019-12-21,"Valladolid","Valencia",1,1,"D"
"temporada3.176",2019-12-22,"Leganes","Espanol",2,0,"H"
"temporada3.177",2019-12-22,"Osasuna","Sociedad",3,4,"A"
"temporada3.178",2019-12-22,"Betis","Ath Madrid",1,2,"A"
"temporada3.179",2019-12-22,"Levante","Celta",3,1,"H"
"temporada3.180",2019-12-22,"Real Madrid","Ath Bilbao",0,0,"D"
"temporada3.181",2020-01-03,"Valladolid","Leganes",2,2,"D"
"temporada3.182",2020-01-03,"Sevilla","Ath Bilbao",1,1,"D"
"temporada3.183",2020-01-04,"Valencia","Eibar",1,0,"H"
"temporada3.184",2020-01-04,"Getafe","Real Madrid",0,3,"A"
"temporada3.185",2020-01-04,"Ath Madrid","Levante",2,1,"H"
"temporada3.186",2020-01-04,"Espanol","Barcelona",2,2,"D"
"temporada3.187",2020-01-05,"Granada","Mallorca",1,0,"H"
"temporada3.188",2020-01-05,"Sociedad","Villarreal",1,2,"A"
"temporada3.189",2020-01-05,"Alaves","Betis",1,1,"D"
"temporada3.190",2020-01-05,"Celta","Osasuna",1,1,"D"
"temporada3.191",2020-01-17,"Leganes","Getafe",0,3,"A"
"temporada3.192",2020-01-18,"Levante","Alaves",0,1,"A"
"temporada3.193",2020-01-18,"Real Madrid","Sevilla",2,1,"H"
"temporada3.194",2020-01-18,"Osasuna","Valladolid",0,0,"D"
"temporada3.195",2020-01-18,"Eibar","Ath Madrid",2,0,"H"
"temporada3.196",2020-01-19,"Mallorca","Valencia",4,1,"H"
"temporada3.197",2020-01-19,"Betis","Sociedad",3,0,"H"
"temporada3.198",2020-01-19,"Villarreal","Espanol",1,2,"A"
"temporada3.199",2020-01-19,"Ath Bilbao","Celta",1,1,"D"
"temporada3.200",2020-01-19,"Barcelona","Granada",1,0,"H"
"temporada3.201",2020-01-24,"Osasuna","Levante",2,0,"H"
"temporada3.202",2020-01-25,"Espanol","Ath Bilbao",1,1,"D"
"temporada3.203",2020-01-25,"Valencia","Barcelona",2,0,"H"
"temporada3.204",2020-01-25,"Alaves","Villarreal",1,2,"A"
"temporada3.205",2020-01-25,"Sevilla","Granada",2,0,"H"
"temporada3.206",2020-01-26,"Ath Madrid","Leganes",0,0,"D"
"temporada3.207",2020-01-26,"Celta","Eibar",0,0,"D"
"temporada3.208",2020-01-26,"Getafe","Betis",1,0,"H"
"temporada3.209",2020-01-26,"Sociedad","Mallorca",3,0,"H"
"temporada3.210",2020-01-26,"Valladolid","Real Madrid",0,1,"A"
"temporada3.211",2020-02-01,"Granada","Espanol",2,1,"H"
"temporada3.212",2020-02-01,"Real Madrid","Ath Madrid",1,0,"H"
"temporada3.213",2020-02-01,"Mallorca","Valladolid",0,1,"A"
"temporada3.214",2020-02-01,"Valencia","Celta",1,0,"H"
"temporada3.215",2020-02-02,"Leganes","Sociedad",2,1,"H"
"temporada3.216",2020-02-02,"Eibar","Betis",1,1,"D"
"temporada3.217",2020-02-02,"Ath Bilbao","Getafe",0,2,"A"
"temporada3.218",2020-02-02,"Sevilla","Alaves",1,1,"D"
"temporada3.219",2020-02-02,"Villarreal","Osasuna",3,1,"H"
"temporada3.220",2020-02-02,"Barcelona","Levante",2,1,"H"
"temporada3.221",2020-02-07,"Alaves","Eibar",2,1,"H"
"temporada3.222",2020-02-08,"Levante","Leganes",2,0,"H"
"temporada3.223",2020-02-08,"Getafe","Valencia",3,0,"H"
"temporada3.224",2020-02-08,"Valladolid","Villarreal",1,1,"D"
"temporada3.225",2020-02-08,"Ath Madrid","Granada",1,0,"H"
"temporada3.226",2020-02-09,"Espanol","Mallorca",1,0,"H"
"temporada3.227",2020-02-09,"Sociedad","Ath Bilbao",2,1,"H"
"temporada3.228",2020-02-09,"Osasuna","Real Madrid",1,4,"A"
"temporada3.229",2020-02-09,"Celta","Sevilla",2,1,"H"
"temporada3.230",2020-02-09,"Betis","Barcelona",2,3,"A"
"temporada3.231",2020-02-14,"Valencia","Ath Madrid",2,2,"D"
"temporada3.232",2020-02-15,"Mallorca","Alaves",1,0,"H"
"temporada3.233",2020-02-15,"Barcelona","Getafe",2,1,"H"
"temporada3.234",2020-02-15,"Villarreal","Levante",2,1,"H"
"temporada3.235",2020-02-15,"Granada","Valladolid",2,1,"H"
"temporada3.236",2020-02-16,"Sevilla","Espanol",2,2,"D"
"temporada3.237",2020-02-16,"Leganes","Betis",0,0,"D"
"temporada3.238",2020-02-16,"Ath Bilbao","Osasuna",0,1,"A"
"temporada3.239",2020-02-16,"Real Madrid","Celta",2,2,"D"
"temporada3.240",2020-02-21,"Betis","Mallorca",3,3,"D"
"temporada3.241",2020-02-22,"Celta","Leganes",1,0,"H"
"temporada3.242",2020-02-22,"Barcelona","Eibar",5,0,"H"
"temporada3.243",2020-02-22,"Sociedad","Valencia",3,0,"H"
"temporada3.244",2020-02-22,"Levante","Real Madrid",1,0,"H"
"temporada3.245",2020-02-23,"Osasuna","Granada",0,3,"A"
"temporada3.246",2020-02-23,"Alaves","Ath Bilbao",2,1,"H"
"temporada3.247",2020-02-23,"Valladolid","Espanol",2,1,"H"
"temporada3.248",2020-02-23,"Getafe","Sevilla",0,3,"A"
"temporada3.249",2020-02-23,"Ath Madrid","Villarreal",3,1,"H"
"temporada3.250",2020-02-28,"Sociedad","Valladolid",1,0,"H"
"temporada3.251",2020-02-29,"Eibar","Levante",3,0,"H"
"temporada3.252",2020-02-29,"Valencia","Betis",2,1,"H"
"temporada3.253",2020-02-29,"Leganes","Alaves",1,1,"D"
"temporada3.254",2020-02-29,"Granada","Celta",0,0,"D"
"temporada3.255",2020-03-01,"Sevilla","Osasuna",3,2,"H"
"temporada3.256",2020-03-01,"Ath Bilbao","Villarreal",1,0,"H"
"temporada3.257",2020-03-01,"Espanol","Ath Madrid",1,1,"D"
"temporada3.258",2020-03-01,"Mallorca","Getafe",0,1,"A"
"temporada3.259",2020-03-01,"Real Madrid","Barcelona",2,0,"H"
"temporada3.260",2020-03-06,"Alaves","Valencia",1,1,"D"
"temporada3.261",2020-03-07,"Eibar","Mallorca",1,2,"A"
"temporada3.262",2020-03-07,"Ath Madrid","Sevilla",2,2,"D"
"temporada3.263",2020-03-07,"Barcelona","Sociedad",1,0,"H"
"temporada3.264",2020-03-07,"Getafe","Celta",0,0,"D"
"temporada3.265",2020-03-08,"Osasuna","Espanol",1,0,"H"
"temporada3.266",2020-03-08,"Valladolid","Ath Bilbao",1,4,"A"
"temporada3.267",2020-03-08,"Levante","Granada",1,1,"D"
"temporada3.268",2020-03-08,"Villarreal","Leganes",1,2,"A"
"temporada3.269",2020-03-08,"Betis","Real Madrid",2,1,"H"
"temporada3.270",2020-03-10,"Eibar","Sociedad",1,2,"A"
"temporada3.271",2020-06-11,"Sevilla","Betis",2,0,"H"
"temporada3.272",2020-06-12,"Granada","Getafe",2,1,"H"
"temporada3.273",2020-06-12,"Valencia","Levante",1,1,"D"
"temporada3.274",2020-06-13,"Espanol","Alaves",2,0,"H"
"temporada3.275",2020-06-13,"Celta","Villarreal",0,1,"A"
"temporada3.276",2020-06-13,"Leganes","Valladolid",1,2,"A"
"temporada3.277",2020-06-13,"Mallorca","Barcelona",0,4,"A"
"temporada3.278",2020-06-14,"Ath Bilbao","Ath Madrid",1,1,"D"
"temporada3.279",2020-06-14,"Real Madrid","Eibar",3,1,"H"
"temporada3.280",2020-06-14,"Sociedad","Osasuna",1,1,"D"
"temporada3.281",2020-06-15,"Levante","Sevilla",1,1,"D"
"temporada3.282",2020-06-15,"Betis","Granada",2,2,"D"
"temporada3.283",2020-06-16,"Getafe","Espanol",0,0,"D"
"temporada3.284",2020-06-16,"Villarreal","Mallorca",1,0,"H"
"temporada3.285",2020-06-16,"Barcelona","Leganes",2,0,"H"
"temporada3.286",2020-06-17,"Eibar","Ath Bilbao",2,2,"D"
"temporada3.287",2020-06-17,"Valladolid","Celta",0,0,"D"
"temporada3.288",2020-06-17,"Osasuna","Ath Madrid",0,5,"A"
"temporada3.289",2020-06-18,"Alaves","Sociedad",2,0,"H"
"temporada3.290",2020-06-18,"Real Madrid","Valencia",3,0,"H"
"temporada3.291",2020-06-19,"Granada","Villarreal",0,1,"A"
"temporada3.292",2020-06-19,"Mallorca","Leganes",1,1,"D"
"temporada3.293",2020-06-19,"Sevilla","Barcelona",0,0,"D"
"temporada3.294",2020-06-20,"Espanol","Levante",1,3,"A"
"temporada3.295",2020-06-20,"Ath Bilbao","Betis",1,0,"H"
"temporada3.296",2020-06-20,"Getafe","Eibar",1,1,"D"
"temporada3.297",2020-06-20,"Ath Madrid","Valladolid",1,0,"H"
"temporada3.298",2020-06-21,"Celta","Alaves",6,0,"H"
"temporada3.299",2020-06-21,"Valencia","Osasuna",2,0,"H"
"temporada3.300",2020-06-21,"Sociedad","Real Madrid",1,2,"A"
"temporada3.301",2020-06-22,"Villarreal","Sevilla",2,2,"D"
"temporada3.302",2020-06-22,"Leganes","Granada",0,0,"D"
"temporada3.303",2020-06-23,"Levante","Ath Madrid",0,1,"A"
"temporada3.304",2020-06-23,"Valladolid","Getafe",1,1,"D"
"temporada3.305",2020-06-23,"Barcelona","Ath Bilbao",1,0,"H"
"temporada3.306",2020-06-24,"Alaves","Osasuna",0,1,"A"
"temporada3.307",2020-06-24,"Sociedad","Celta",0,1,"A"
"temporada3.308",2020-06-24,"Real Madrid","Mallorca",2,0,"H"
"temporada3.309",2020-06-25,"Eibar","Valencia",1,0,"H"
"temporada3.310",2020-06-25,"Betis","Espanol",1,0,"H"
"temporada3.311",2020-06-26,"Sevilla","Valladolid",1,1,"D"
"temporada3.312",2020-06-27,"Ath Bilbao","Mallorca",3,1,"H"
"temporada3.313",2020-06-27,"Celta","Barcelona",2,2,"D"
"temporada3.314",2020-06-27,"Osasuna","Leganes",2,1,"H"
"temporada3.315",2020-06-27,"Ath Madrid","Alaves",2,1,"H"
"temporada3.316",2020-06-28,"Levante","Betis",4,2,"H"
"temporada3.317",2020-06-28,"Villarreal","Valencia",2,0,"H"
"temporada3.318",2020-06-28,"Granada","Eibar",1,2,"A"
"temporada3.319",2020-06-28,"Espanol","Real Madrid",0,1,"A"
"temporada3.320",2020-06-29,"Getafe","Sociedad",2,1,"H"
"temporada3.321",2020-06-30,"Mallorca","Celta",5,1,"H"
"temporada3.322",2020-06-30,"Leganes","Sevilla",0,3,"A"
"temporada3.323",2020-06-30,"Barcelona","Ath Madrid",2,2,"D"
"temporada3.324",2020-07-01,"Alaves","Granada",0,2,"A"
"temporada3.325",2020-07-01,"Valencia","Ath Bilbao",0,2,"A"
"temporada3.326",2020-07-01,"Betis","Villarreal",0,2,"A"
"temporada3.327",2020-07-01,"Valladolid","Levante",0,0,"D"
"temporada3.328",2020-07-02,"Eibar","Osasuna",0,2,"A"
"temporada3.329",2020-07-02,"Sociedad","Espanol",2,1,"H"
"temporada3.330",2020-07-02,"Real Madrid","Getafe",1,0,"H"
"temporada3.331",2020-07-03,"Ath Madrid","Mallorca",3,0,"H"
"temporada3.332",2020-07-04,"Celta","Betis",1,1,"D"
"temporada3.333",2020-07-04,"Valladolid","Alaves",1,0,"H"
"temporada3.334",2020-07-04,"Granada","Valencia",2,2,"D"
"temporada3.335",2020-07-05,"Ath Bilbao","Real Madrid",0,1,"A"
"temporada3.336",2020-07-05,"Espanol","Leganes",0,1,"A"
"temporada3.337",2020-07-05,"Osasuna","Getafe",0,0,"D"
"temporada3.338",2020-07-05,"Villarreal","Barcelona",1,4,"A"
"temporada3.339",2020-07-06,"Levante","Sociedad",1,1,"D"
"temporada3.340",2020-07-06,"Sevilla","Eibar",1,0,"H"
"temporada3.341",2020-07-07,"Valencia","Valladolid",2,1,"H"
"temporada3.342",2020-07-07,"Celta","Ath Madrid",1,1,"D"
"temporada3.343",2020-07-08,"Betis","Osasuna",3,0,"H"
"temporada3.344",2020-07-08,"Getafe","Villarreal",1,3,"A"
"temporada3.345",2020-07-08,"Barcelona","Espanol",1,0,"H"
"temporada3.346",2020-07-09,"Eibar","Leganes",0,0,"D"
"temporada3.347",2020-07-09,"Mallorca","Levante",2,0,"H"
"temporada3.348",2020-07-09,"Ath Bilbao","Sevilla",1,2,"A"
"temporada3.349",2020-07-10,"Sociedad","Granada",2,3,"A"
"temporada3.350",2020-07-10,"Real Madrid","Alaves",2,0,"H"
"temporada3.351",2020-07-11,"Osasuna","Celta",2,1,"H"
"temporada3.352",2020-07-11,"Valladolid","Barcelona",0,1,"A"
"temporada3.353",2020-07-11,"Ath Madrid","Betis",1,0,"H"
"temporada3.354",2020-07-12,"Espanol","Eibar",0,2,"A"
"temporada3.355",2020-07-12,"Levante","Ath Bilbao",1,2,"A"
"temporada3.356",2020-07-12,"Leganes","Valencia",1,0,"H"
"temporada3.357",2020-07-12,"Sevilla","Mallorca",2,0,"H"
"temporada3.358",2020-07-13,"Alaves","Getafe",0,0,"D"
"temporada3.359",2020-07-13,"Villarreal","Sociedad",1,2,"A"
"temporada3.360",2020-07-13,"Granada","Real Madrid",1,2,"A"
"temporada3.361",2020-07-16,"Eibar","Valladolid",3,1,"H"
"temporada3.362",2020-07-16,"Ath Bilbao","Leganes",0,2,"A"
"temporada3.363",2020-07-16,"Barcelona","Osasuna",1,2,"A"
"temporada3.364",2020-07-16,"Betis","Alaves",1,2,"A"
"temporada3.365",2020-07-16,"Celta","Levante",2,3,"A"
"temporada3.366",2020-07-16,"Getafe","Ath Madrid",0,2,"A"
"temporada3.367",2020-07-16,"Mallorca","Granada",1,2,"A"
"temporada3.368",2020-07-16,"Real Madrid","Villarreal",2,1,"H"
"temporada3.369",2020-07-16,"Sociedad","Sevilla",0,0,"D"
"temporada3.370",2020-07-16,"Valencia","Espanol",1,0,"H"
"temporada3.371",2020-07-19,"Alaves","Barcelona",0,5,"A"
"temporada3.372",2020-07-19,"Valladolid","Betis",2,0,"H"
"temporada3.373",2020-07-19,"Villarreal","Eibar",4,0,"H"
"temporada3.374",2020-07-19,"Ath Madrid","Sociedad",1,1,"D"
"temporada3.375",2020-07-19,"Espanol","Celta",0,0,"D"
"temporada3.376",2020-07-19,"Granada","Ath Bilbao",4,0,"H"
"temporada3.377",2020-07-19,"Leganes","Real Madrid",2,2,"D"
"temporada3.378",2020-07-19,"Levante","Getafe",1,0,"H"
"temporada3.379",2020-07-19,"Osasuna","Mallorca",2,2,"D"
"temporada3.380",2020-07-19,"Sevilla","Valencia",1,0,"H"
